title,created_at,url,content,img_count,response,checked
[CZ+SB] LGW-AKL-NOU-AKL-LHR za 3885 PLN RT.XI ,2025-09-30 14:53:00,"lgw-akl-nou-akl-lhr-za-3885-pln-rt-xi,232,183718","Takie coś inspirowane: lhr-akl-za-2411-pln-rt-viii-ix,232,183051 [url][/url] :Nowa Zelandia i Nowa Kaledonia w jednej podróży. Cena u Austriaka.",2.0,"{'airlines': ['China Southern Airlines', 'Aircalin'], 'from': 'London, United Kingdom', 'to': 'Noumea, New Caledonia', 'price': '3885 PLN', 'when': 'November 2025'}",1
[BA+AY+AS] ER-BZN za 2600 PLN VIII'26 ,2025-10-01 10:52:00,"er-bzn-za-2600-pln-viii-26,232,183727","1,5 godz. jazdy autem do pn. bramy P. N. Yellowstone. Na screenie 10.-17.08.26. Cena u Helmuta.",1.0,"{'airlines': ['British Airways', 'Finnair', 'Alaska Airlines', 'American Airlines'], 'from': 'Berlin, Germany', 'to': 'Bozeman, USA', 'price': '2596', 'when': 'August 2026'}",1
[CZ] FRA-SYD za 2561 PLN X_XI. ,2025-10-01 09:06:00,"fra-syd-za-2561-pln-x-xi,232,183725","Cena u Szweda, u Austriaka ok. 70 zł więcej. W terminie 28.10.-17.11. odpowiednio 2611 PLN i 2699 PLN",1.0,"{'airlines': ['China Southern Airlines'], 'from': 'Frankfurt, Germany', 'to': 'Sydney, Australia', 'price': '2561 PLN', 'when': 'October 2025'}",1
[BA+AY+AS] BER-BZN za 2600 PLN VIII'26 ,2025-10-01 10:52:00,"ber-bzn-za-2600-pln-viii-26,232,183727","1,5 godz. jazdy autem do pn. bramy P. N. Yellowstone. Na screenie 10.-17.08.26. Cena u Helmuta.",1.0,"{'airlines': ['British Airways', 'Finnair', 'Alaska Airlines'], 'from': 'Berlin, Germany', 'to': 'Bozeman, USA', 'price': '2596 PLN', 'when': 'August 2026'}",1
"[DE,AS] WAW-SEA-ANC-FAI RT 2938 PLN II ",2025-10-01 19:37:00,"waw-sea-anc-fai-rt-2938-pln-ii,232,183737","Seattle oraz dwa największe miasta Alaski. W tej samej cenie wylot z WAW dwa dni wcześniej. W Stanach można do woli konfigurować pobyt. Druga połowa lutego. Mroźna temperatura, dni dłuższe - dobry czas na obserwację zorzy polarnej. W tym czasie w Fairbanks startują Mistrzostwa Świata w Rzeźbieniu w Lodzie: https://www.travelalaska.com/fairbanks/ ... mpionships",4.0,"{'airlines': ['LOT', 'Condor', 'Alaska Airlines'], 'from': 'Warsaw, Poland', 'to': 'Fairbanks, USA', 'price': '2938 PLN', 'when': 'February 2025'}",1
[AI] MAA (Madras) - SIN (Singapur) 599PLN RT 09.2025-03.2026 ,2025-10-01 20:24:00,"maa-madras-sin-singapur-599pln-rt-09-2025-03-2026,232,183738",Załącznik:  MAASIN.jpg [ 28.04 KiB | Obejrzany 70 razy ]  ,0.0,"{'airlines': ['AI'], 'from': 'Madras, India', 'to': 'Singapore, Singapore', 'price': '599', 'when': 'September 2025'}",1
[CH] MAD (Madryt)- BNE (Brisbane) 2648PLN RT 12.2025-01.2026 ,2025-10-02 07:50:00,"mad-madryt-bne-brisbane-2648pln-rt-12-2025-01-2026,232,183741","2 sztuki bagażu, 1 bagaż podręczny, przesiadka w New Baiyun, Guangzhou",1.0,"{'airlines': ['China Southern Airlines'], 'from': 'Madrid, Spain', 'to': 'Brisbane, Australia', 'price': '2 648', 'when': 'December 2025'}",1
[GQ] WAW-LCA 670 PLN VII-VIII ,2025-10-02 15:46:00,"waw-lca-670-pln-vii-viii,232,183745","Sky Express w szczycie sezonu niewiele drożej od W6. Dostępność w tej cenie przez praktycznie całe wakacje. Krótkie przesiadki, duży bagaż podręczny + przedmiot osobisty. Z Larnaki można za niecałe 50 EUR RT polecieć W6 do Armenii.",4.0,"{'airlines': ['Sky Express'], 'from': 'Warsaw, Poland', 'to': 'Larnaca, Cyprus', 'price': '670', 'when': 'July 2026'}",1
[GQ] WAW-LCA/EVN od 670 PLN VII-VIII ,2025-10-02 15:46:00,"waw-lca-evn-od-670-pln-vii-viii,232,183745","Sky Express w szczycie sezonu niewiele drożej od W6. Dostępność w tej cenie przez praktycznie całe wakacje. Krótkie przesiadki, duży bagaż podręczny + przedmiot osobisty. E: Erywań droższy ok 20 EUR, również z dużą dostępnością w wakacje.",4.0,"{'airlines': ['Sky Express'], 'from': 'Warsaw, Poland', 'to': 'Larnaca, Cyprus', 'price': '670 PLN', 'when': 'July 2026'}",1
[MU] MXP - CEB 1775 PLN XI ,2025-10-03 07:21:00,"mxp-ceb-1775-pln-xi,232,183753","Filipiny bez Manili na początku sezonu. W bonusie na powrocie Szanghaj (18,5 h za dnia).",1.0,"{'airlines': ['China Eastern'], 'from': 'Milan, Italy', 'to': 'Cebu City, Philippines', 'price': '1775', 'when': 'November 2025'}",1
[CA] ARN-MNL 1827 zł 01.2026 ,2025-10-04 09:54:00,"arn-mnl-1827-zl-01-2026,232,183765",Loty do Manili ze Sztokholmu w przyjemnej cenie w styczniu. Razem z dolotami z PL nie powinno przekroczyć 2100,1.0,"{'airlines': ['Air China'], 'from': 'Stockholm, Sweden', 'to': 'Manila, Philippines', 'price': '1827', 'when': 'January 2026'}",1
[ET/SN] Afryka na kwiecień i majówkę od 2400 ,2025-10-04 09:21:00,"afryka-na-kwiecien-i-majowke-od-2400,232,183764","Kilka rodzynków, szczególnie kombinacja Sierra Leone z Liberią bardzo przystępna.Załącznik:  fna.jpg [ 50.63 KiB | Obejrzany 77 razy ]  Załącznik:  ndj.jpg [ 48.31 KiB | Obejrzany 77 razy ]  Załącznik:  bjm.jpg [ 65.19 KiB | Obejrzany 77 razy ]  Załącznik:  oua.jpg [ 51.71 KiB | Obejrzany 77 razy ]  ",0.0,"{'airlines': ['ET', 'SN'], 'from': 'Sierra Leone', 'to': 'Liberia', 'price': '2400', 'when': 'April 2025'}",1
[PC+SV] BER-RUH za 660 PLN RT XI ,2025-10-04 15:12:00,"ber-ruh-za-660-pln-rt-xi,232,183775",Na screenie 16.-30.11. Cena u Norwega.,1.0,"{'airlines': ['Etihad Airways', 'Akasa Air'], 'from': 'Warsaw, Poland', 'to': 'Bengaluru, India', 'price': '660', 'when': 'November 2025'}",1
[TK] VIE-KTI-VIE 2491 zł ,2025-10-05 10:58:00,"vie-kti-vie-2491-zl,232,183791",Kambodża z Turkish Airlines. Wreszcie inna opcja niż chińskie linie. Powrót z Sajgonu w zbliżonej cenie.,3.0,"{'airlines': ['Turkish Airlines'], 'from': 'Vienna, Austria', 'to': 'Phnom Penh, Cambodia', 'price': '2491 zł', 'when': 'January 2025'}",1
[LH] VIE - WDH 2105 PLN VI-VII ,2025-10-05 11:12:00,"vie-wdh-2105-pln-vi-vii,232,183792",Prawie wakacje i szczyt sezonu w Namibii (pora sucha).,1.0,"{'airlines': ['Lufthansa', 'Austrian Airlines', 'Discover Airlines'], 'from': 'Vienna, Austria', 'to': 'Windhoek, Namibia', 'price': '2105 PLN', 'when': 'June 2025'}",1
"[ET] OSL-WDH ok. 1770pln na ""juz"" ",2025-10-05 14:08:00,"osl-wdh-ok-1770pln-na-quot-juz-quot,232,183795","W odpowiedzi do >2k pln z VIE tez w SA ale pare stow mniej....viewtopic.php?t=183792Doloty również tanie, a bagaz wliczozny. ",0.0,"{'airlines': ['ET'], 'from': 'Oslo, Norway', 'to': 'Windhoek, Namibia', 'price': '1770 PLN', 'when': 'November 2025'}",1
"[QR] VIE-DUR 2205 PLN XI,I-VI ",2025-10-05 14:45:00,"vie-dur-2205-pln-xi-i-vi,232,183796",Jeszcze jeden kierunek na południu Afryki z Wiednia. Rzadko pojawiający się Durban by QR. Terminy na listopad oraz pierwszą połowę przyszłego roku.,1.0,"{'airlines': ['Qatar Airways'], 'from': 'Vienna, Austria', 'to': 'Durban, South Africa', 'price': '2205', 'when': 'November 2025'}",1
[AY] WAW-SIN za 2114 PLN RT II'26 ,2025-10-06 13:31:00,"waw-sin-za-2114-pln-rt-ii-26,232,183807",Na screenie przykładowy termin 02.-16.02.26. Cena u Norwega.,1.0,"{'airlines': ['Finnair'], 'from': 'Warsaw, Poland', 'to': 'Singapore, Singapore', 'price': '2114', 'when': 'February 2026'}",1
"[A3,OA] WAW-HER,JSH-KSJ-AOK-WAW XI 724 PLN ",2025-10-06 14:43:00,"waw-her-jsh-ksj-aok-waw-xi-724-pln,232,183808","Kreta, Kasos i Karpathos w jednej podróży. Pomiędzy Heraklionem, a Sitią kursuje bus lub prom: https://www.rome2rio.com/map/Heraklion/Sitia",4.0,"{'airlines': ['Aegean Airlines', 'Olympic Air'], 'from': 'Warsaw, Poland', 'to': 'Karpathos, Greece', 'price': '724', 'when': 'November 2025'}",1
[ET] WAW-MGQ za 2528 PLN ,2025-10-06 16:01:00,"waw-mgq-za-2528-pln,232,183810","Raczej jako ciekawostka, bo może okazać się OW. Cena na rodzimym ss.",1.0,"{'airlines': ['Ethiopian Airlines'], 'from': 'Warsaw, Poland', 'to': 'Mogadishu, Somalia', 'price': '2,538 PLN', 'when': 'December 2025'}",1
[W6+MU+FR] Seul z Polski 1586 PLN XI 2025 ,2025-10-06 20:06:00,"seul-z-polski-1586-pln-xi-2025,232,183812","Przykładowe daty:20.11.2025 W6 KRK-MXP 83,9 PLN20.11.2025 MU MXP-PVG-ICN 1434 PLN26.11.2025 FR MXP-WMI 69 PLN",0.0,"{'airlines': ['Wizz Air', 'China Eastern Airlines', 'Ryanair'], 'from': 'Kraków, Poland', 'to': 'Seoul, South Korea', 'price': '1586 PLN', 'when': 'November 2025'}",1
[TK] KRK - BEN(GAZI) VI-V 1678 PLN ,2025-10-06 21:18:00,"krk-ben-gazi-vi-v-1678-pln,232,183814","Dla koneserów. Libia mniej znana na majówkę (także inne miesiące). ''Przesiadka na ryzyko pasażera'' jest tu wymowna. W podobnej cenie Trypolis, który jakiś czas temu był poruszany.",2.0,"{'airlines': ['Turkish Airlines'], 'from': 'Kraków, Poland', 'to': 'Benghazi, Libya', 'price': '1678 PLN', 'when': 'May 2025'}",1
[GF] ATH-Indie od 950 PLN (+doloty z Polski 360 PLN) XI-XII ,2025-10-07 14:39:00,"ath-indie-od-950-pln-doloty-z-polski-360-pln-xi-xii,232,183823","Ateny - Hajdarabad. Doloty np. z Warszawy już od 360 PLN (na screenie 23.11.-09.12.)Razem WA-HYD już od 1305.Także Bangalur za 1077 PLN, Madras za 1086 PLN i Bombaj za 1077 PLN.Ceny u Austriaka.",5.0,"{'airlines': ['Gulf Air', 'Ryanair', 'Aegean', 'LOT'], 'from': 'Warsaw, Poland', 'to': 'Hyderabad, India', 'price': '1305', 'when': 'November 2023'}",1
[MU+FM] MXP(Mediolan)- KIX(Osaka) 1481PLN RT ,2025-10-07 16:54:00,"mxp-mediolan-kix-osaka-1481pln-rt,232,183826",11-12.2025 (także termin na święta)1 mały bagaż podręczny1 szt. bagażu podręcznego 2 szt. bagażu rejestrowanego,1.0,"{'airlines': ['China Eastern Airlines', 'Shanghai Airlines'], 'from': 'Milan, Italy', 'to': 'Osaka, Japan', 'price': '1481', 'when': 'December 2025'}",1
[RJ] BER(Berlin)- BOM(Mumbai) 1453PLN RT ,2025-10-07 17:21:00,"ber-berlin-bom-mumbai-1453pln-rt,232,183828",03.20261 mały bagaż podręczny1 szt. bagażu podręcznego 1 szt. bagażu rejestrowanego 23kg,1.0,"{'airlines': ['RJ'], 'from': 'Berlin, Germany', 'to': 'Mumbai, India', 'price': '1453', 'when': 'March 2026'}",1
[GF] ATH(Ateny)- HYD(Hyderabad Indie) 948PLN RT ,2025-10-07 17:14:00,"ath-ateny-hyd-hyderabad-indie-948pln-rt,232,183827",10-12.20251 mały bagaż podręczny1 szt. bagażu podręcznego 1 szt. bagażu rejestrowanego 35kg,1.0,"{'airlines': ['Gulf Air'], 'from': 'Athens, Greece', 'to': 'Hyderabad, India', 'price': '948', 'when': 'December 2025'}",1
[TK+JQ] VIE-BNE za 2749 PLN RT III'26 ,2025-10-08 10:37:00,"vie-bne-za-2749-pln-rt-iii-26,232,183836",Brisbane tym razem z Wiednia (ze zwiedzaniem Stambułu i Kula Lumpur). Cena u Duńczyka.,2.0,"{'airlines': ['Turkish Airlines', 'Malaysia Airlines', 'Jetstar'], 'from': 'Vienna, Austria', 'to': 'Brisbane, Australia', 'price': '2749 PLN', 'when': 'March 2026'}",1
[AF] KRK-MNL ‹2500 PLN RT X-XI. ,2025-10-08 10:19:00,"krk-mnl-lsaquo-2500-pln-rt-x-xi,232,183833",Filipiny Air France'em 27.10.-06.11. Przesiadki na CDG. Cena u Holendra.,2.0,"{'airlines': ['Air France', 'HOP!'], 'from': 'Kraków, Poland', 'to': 'Manila, Philippines', 'price': '2,149 PLN', 'when': 'November 2023'}",1
[EY] WAW-CNX (Chiang Mai) 2500 ,2025-10-08 08:28:00,"waw-cnx-chiang-mai-2500,232,183832",Kilka terminów. Na powrocie popołudnie i wieczór na zwiedzenie Abu Zabi.,1.0,"{'airlines': ['Etihad'], 'from': 'Warsaw, Poland', 'to': 'Chiang Mai, Thailand', 'price': '2,525', 'when': 'March 2025'}",1
"[AY,KL] WAW-SIN-DPS VI-V 2604 PLN ",2025-10-08 06:58:00,"waw-sin-dps-vi-v-2604-pln,232,183830",Singapur i Bali na majówkę. Elastyczne daty.,2.0,"{'airlines': ['Finnair', 'KLM'], 'from': 'Warsaw, Poland', 'to': 'Bali, Indonesia', 'price': '2604 PLN', 'when': 'May 2025'}",1
[EY]HAN-WAW 726PLN ,2025-10-08 20:07:00,"han-waw-726pln,232,183845","A nuż się komuś przyda, trochę dat w listopadzie.PS Oczywiście można złożyć np. LO (ok 1000zł) WAW-BOM i VJ (ok 500zł) BOM-HAN i za rozsądne 2200zł wyjdzie cały trip.",1.0,"{'airlines': ['Etihad'], 'from': 'Hanoi, Vietnam', 'to': 'Warsaw, Poland', 'price': '727', 'when': 'November 2025'}",1
[SV] VIE-PKX za 1423 PLN XI ,2025-10-09 10:31:00,"vie-pkx-za-1423-pln-xi,232,183850",Pekin w listopadzie Saudią z przesiadkami w Rijadzie. Irlandzki ss.,1.0,"{'airlines': ['Saudi Airlines'], 'from': 'Vienna, Austria', 'to': 'Beijing, China', 'price': '1423 PLN', 'when': 'November 2025'}",1
[CZ] LHR-MFM za 1382 PLN XI-XII ,2025-10-09 10:10:00,"lhr-mfm-za-1382-pln-xi-xii,232,183849",Makau z Londka.,1.0,"{'airlines': ['China Southern Airlines'], 'from': 'London, UK', 'to': 'Macau, China', 'price': '1382', 'when': 'November 2023'}",1
[CZ] LHR-MFM Macau 1286zl rt XI ,2025-10-09 14:56:00,"lhr-mfm-macau-1286zl-rt-xi,232,183852",Szwedzki skyscannerMocarskie przesiadki w Pekinie,1.0,"{'airlines': ['China Southern'], 'from': 'London, UK', 'to': 'Macau, China', 'price': '1286', 'when': 'November 2025'}",1
[CZ] LHR-MFM za 1331 PLN XI-XII ,2025-10-09 10:10:00,"lhr-mfm-za-1331-pln-xi-xii,232,183849",Makau z Londka. cena u Austriaka. U Szweda za 1290 PLN.,1.0,"{'airlines': ['China Airlines'], 'from': 'London, UK', 'to': 'Macau, China', 'price': '1331', 'when': 'November 2025'}",1
[RJ] BER - BOM za 1479 PLN z bagażem ,2025-10-09 16:44:00,"ber-bom-za-1479-pln-z-bagazem,232,183855",jak w temacie linia Royal Jordanian podręczny + nadawany kilka terminów listopad-luty,1.0,"{'airlines': ['Royal Jordanian'], 'from': 'Berlin, Germany', 'to': 'Mumbai, India', 'price': '1479', 'when': 'November 2025'}",1
[GA/EK] MXP-DPS od 1600 PLN X '25-I' 26 ,2025-10-10 08:42:00,"mxp-dps-od-1600-pln-x-25-i-26,232,183864",Podpatrzone: Bali z Mediolanu w okolicy 1600 PLN.Loty na stoku Garudy realizowane przez Emirates.Daty od końca października do stycznia.Wysłane z mojego BVL-N49 przy użyciu Tapatalka,0.0,"{'airlines': ['Garuda Indonesia', 'Emirates'], 'from': 'Milan, Italy', 'to': 'Bali, Indonesia', 'price': '1600 PLN', 'when': 'January 2026'}",1
"[LH,S4] KRK-FAO-PDL-KRK 829 PLN ",2025-10-10 06:05:00,"krk-fao-pdl-krk-829-pln,232,183862",Początek wiosny w Algarve i na São Miguel.,2.0,"{'airlines': ['Lufthansa', 'SATA Azores'], 'from': 'Kraków, Poland', 'to': 'Kraków, Poland', 'price': '829 PLN', 'when': 'March 2025'}",1
[DE] VIE-TAB-VIE 1869 zł ,2025-10-10 18:57:00,"vie-tab-vie-1869-zl,232,183873","Trynidad i Tobago z Condorem. Na stronie przewoźnika za 460 EUR, niestety w dziadowskiej taryfie. Także z Berlina, Hamburga i Frankfurtu.",5.0,"{'airlines': ['Condor'], 'from': 'Vienna, Austria', 'to': 'Tobago, Trinidad and Tobago', 'price': '1869', 'when': 'March 2025'}",1
[AV] MAD-MEX-MAD 1761 zł ,2025-10-10 19:23:00,"mad-mex-mad-1761-zl,232,183874","Avianca: Mexico City z lub bez Bogoty.  Kiwi (przez Google Flights) pokazuje nawet za 1601 zł. ""8. STOPOVERSBETWEEN AREA 1 AND AREA 2 ORIGINATING AREA 1 - 2 STOPOVERS PERMITTED ON THE PRICING UNIT LIMITED TO 1 FREE AND 1 AT USD 80.00. NO STOPOVER OCCURS IF PASSENGER TAKES NEXT AVAILABLE FLIGHT WITHIN 24 HOURS HOWEVER A STOPOVER MAY NOT EXCEED 3 DAYS. ORIGINATING AREA 2 - 2 STOPOVERS PERMITTED ON THE PRICING UNIT LIMITED TO 1 FREE AND 1 AT EUR 70.00. NO STOPOVER OCCURS IF PASSENGER TAKES NEXT AVAILABLE FLIGHT WITHIN 24 HOURS HOWEVER A STOPOVER MAY NOT EXCEED 3 DAYS.""",2.0,"{'airlines': ['Avianca'], 'from': 'Madrid, Spain', 'to': 'Mexico City, Mexico', 'price': '1761 zł', 'when': 'March 2026'}",1
"[TK,MH,NZ] WAW-AKL-IUE III 5252 PLN ",2025-10-11 09:02:00,"waw-akl-iue-iii-5252-pln,232,183883","Przy okazji dobrych cen z PL do NZ propozycja lotów na Niue - top 3 najrzadziej odwiedzanych krajów. 1 - 2 loty tygodniowo (od kwietnia), brak konkurencji.",3.0,"{'airlines': ['Turkish Airlines', 'Air New Zealand', 'Malaysia Airlines'], 'from': 'Warsaw, Poland', 'to': 'Niue', 'price': '5252 PLN', 'when': 'March 2025'}",1
[CA] WAW - MNL XI-XII od 2237 PLN ,2025-10-12 09:45:00,"waw-mnl-xi-xii-od-2237-pln,232,183889",Filipiny z przesiadkami w Pekinie. Listopad - grudzień.,3.0,"{'airlines': ['Air China'], 'from': 'Warsaw, Poland', 'to': 'Manila, Philippines', 'price': '2237 PLN', 'when': 'November 2025'}",1
[KL] LSI/KOI/SYY z PL VII-VIII od 1270 PLN ,2025-10-12 08:42:00,"lsi-koi-syy-z-pl-vii-viii-od-1270-pln,232,183888","W nawiązaniu do tematu: hebrydy-szetlandy-orkady-z-ber-od-1374-pln,232,182658 (zakładam nowy, bo zrobił się bałagan). Hebrydy, Szetlandy i Orkady w wakacje. Najtaniej z Wrocławia. Do wyboru przedłużone weekendy i dłuższe terminy.",8.0,"{'airlines': ['KLM'], 'from': 'Wrocław, Poland', 'to': 'Stornoway, Scotland', 'price': '1272 PLN', 'when': 'July 2025'}",1
"[TP,DL/AA] WAW-LAX-KOA XI 2400 PLN ",2025-10-13 07:11:00,"waw-lax-koa-xi-2400-pln,232,183898","Kalifornia, oraz największa wyspa Hawajów w jednej podróży z Warszawy. Długie przesiadki w Lizbonie.",3.0,"{'airlines': ['TP', 'DL', 'AA'], 'from': 'Warsaw, Poland', 'to': 'Kona, USA', 'price': '2400 PLN', 'when': 'October 2025'}",1
[UA/LH] KRK - ORD - wakacje 2026 - od 2040 PLN / os! ,2025-10-14 22:02:00,"krk-ord-wakacje-2026-od-2040-pln-os,232,183918","Dobra cena w środku wakacji do USA. Wiele dat wchodzi, krótkie wygodne przesiadki. Wybierając dłuższą przesiadkę można trafić na lot B747-8 Lufthansy.Załącznik:  Zrzut ekranu z 2025-10-14 21-56-17.png [ 69.27 KiB | Obejrzany 27 razy ]  Link: https://www.momondo.pl/flight-search/KR ... stflight_aMożna wybrać te same loty sprzedawane przez UA czy LH - to może być istotne dla tych co zbierają mile.",0.0,"{'airlines': ['United Airlines', 'Lufthansa'], 'from': 'Kraków, Poland', 'to': 'Chicago, USA', 'price': '2040 PLN', 'when': 'July 2026'}",1
[QR+VA] Brisbane i Vanuatu na jednym bilecie z PRG od 5599zł ,2025-10-15 11:22:00,"brisbane-i-vanuatu-na-jednym-bilecie-z-prg-od-5599zl,232,183921","-- 15 Paź 2025 11:22 --  Hej, wyflipowaliśmy loty do Australii (Brisbane BNE) + Vanuatu (Port Vila VLI) na jednym bilecie z Pragi:- terminy: luty-czerwiec- Qatar Airways + Virgin Australia- bagaż: rejestrowany 23kg- kalendarz lotów: https://www.flipo.pl/pl/bilety-lotnicze/G-10129- podróż na Vanuatu (Port Vila) ustawiliśmy na 5 dni - leci się i wraca do Brisbane, potem już powrót przez DOH do PRG- jest też możliwość zrobienia stopoveru dodatkowo w DOHDostępne terminy i przykładowa rozpiska lotów:  -- 15 Paź 2025 11:35 --  Sprawdzaliśmy też opcję z wylotem z WAW, ale cena prawie dwukrotnie wyższa",2.0,"{'airlines': ['Qatar Airways', 'Virgin Australia'], 'from': 'Prague, Czech Republic', 'to': 'Brisbane, Australia + Port Vila, Vanuatu', 'price': '5599', 'when': 'February 2026'}",1
[J2] PRG-ALA za 933 PLN XI ,2025-10-16 10:20:00,"prg-ala-za-933-pln-xi,232,183925",Południowy Kazachstan w listopadzie.,1.0,"{'airlines': ['AZAL'], 'from': 'Prague, Czech Republic', 'to': 'Almaty, Kazakhstan', 'price': '933', 'when': 'November 2025'}",1
[TK] KRK - IST XII-I 608 PLN ,2025-10-16 06:44:00,"krk-ist-xii-i-608-pln,232,183923",Stambuł na Sylwestra. Optymalne godziny lotów.,1.0,"{'airlines': ['LOT', 'Turkish Airlines'], 'from': 'Kraków, Poland', 'to': 'Istanbul, Turkey', 'price': '608', 'when': 'December 2025'}",1
[AV+AC] MAD-BOG-GYE/MIA-YUL-MXP 1774 zł ,2025-10-16 16:53:00,"mad-bog-gye-mia-yul-mxp-1774-zl,232,183936","Ekwador, Bogota i Miami w takiej kombinacji z Avianką i Air Canada. Loty GYE-MIA są w stałej cenie (ok. 550 zł, Avianca).",2.0,"{'airlines': ['Avianca', 'Air Canada'], 'from': 'Madrid, Spain', 'to': 'Guayaquil, Ecuador + Miami, USA + Montreal, Canada + Milan, Italy', 'price': '1774 zł', 'when': 'March 2025'}",1
[LO] Ateny z rejestrowanym bagażem za 585 zł na zimę ,2025-10-17 08:31:00,"ateny-z-rejestrowanym-bagazem-za-585-zl-na-zime,232,183950",Cześć!Zauważyłem ostatnio obniżenie ceny standardu w Locie umożliwiającej zabranie 23kg walizki oraz bezpłatnego wyboru miejsca za 100zł.Daty na podróż do Marca 26 i tylko w dwie strony.,1.0,"{'airlines': ['LOT'], 'from': 'Warsaw, Poland', 'to': 'Athens, Greece', 'price': '585 PLN', 'when': 'March 2025'}",1
[MU] MXP-AKL/SYD/MEL od 2761 PLN ,2025-10-17 11:54:00,"mxp-akl-syd-mel-od-2761-pln,232,183953",Ceny u Austriaka.,1.0,"{'airlines': ['China Eastern'], 'from': 'Milan, Italy', 'to': 'Auckland, New Zealand', 'price': '2761 PLN', 'when': 'November 2025'}",1
[AI] Goa / Andamany z Wiednia od 1849 zł ,2025-10-17 14:31:00,"goa-andamany-z-wiednia-od-1849-zl,232,183955","Hej, wyflipowaliśmy loty do Goa (GOI) i Andamany PORT BLAIR (IXZ) z Air India z WiedniaGoa: od 1849 zł- kalendarz: https://www.flipo.pl/pl/bilety-lotnicze/G-10143- terminy: listopad - marzec- w cenie serwis + bagaż do lukuPort Blair Andamany: od 2349 zł- kalendarz: https://www.flipo.pl/pl/bilety-lotnicze/G-10144- terminy: listopad-luty- w cenie serwis + bagaż do luku",4.0,"{'airlines': ['Air India'], 'from': 'Vienna, Austria', 'to': 'Goa, India + Port Blair, India', 'price': '1849 zł + 2349 zł', 'when': 'November 2025'}",1
[EY] WAW-AUH Sylwester od 1706 PLN ,2025-10-17 20:54:00,"waw-auh-sylwester-od-1706-pln,232,183959","Bieda wersja z jedną nocą, oraz za dodatkowe 100 zł dłuższa.",2.0,"{'airlines': ['Etihad Airways'], 'from': 'Warsaw, Poland', 'to': 'Abu Dhabi, UAE', 'price': '1706 PLN', 'when': 'December 2025'}",1
[CZ] BUD-RGN-BUD 2024 zł ,2025-10-18 08:08:00,"bud-rgn-bud-2024-zl,232,183960","Yangon, Mjanma z China Southern (nous.com).",2.0,"{'airlines': ['China Southern'], 'from': 'Budapest, Hungary', 'to': 'Yangon, Myanmar', 'price': '2024 PLN', 'when': 'November 2025'}",1
[TP] BER - EWR/JFK I-VI 1283 PLN ,2025-10-18 17:56:00,"ber-ewr-jfk-i-vi-1283-pln,232,183966",Sporo dat w tym m.in. majówka.,1.0,"{'airlines': ['TP'], 'from': 'Berlin, Germany', 'to': 'New York, USA', 'price': '1283 PLN', 'when': 'May 2025'}",1
[EY] HAN-AUH-WAW 637 PLN OW ,2025-10-19 14:21:00,"han-auh-waw-637-pln-ow,232,183978",Etihad z powrotem z Hanoi do Warszawy i Wiednia (tf.info),2.0,"{'airlines': ['Etihad'], 'from': 'Hanoi, Vietnam', 'to': 'Warsaw, Poland', 'price': '637 PLN', 'when': 'November 2025'}",1
[AC+LH] GDN-POS za 2629 PLN XII. ,2025-10-19 15:31:00,"gdn-pos-za-2629-pln-xii,232,183979","Trynidad z przesiadkami we Frankfurcie i Toronto (nocka i dzień tam, nocka z powrotem) w terminie 01.-08.",1.0,"{'airlines': ['Air Canada', 'Lufthansa'], 'from': 'Gdańsk, Poland', 'to': 'Port of Spain, Trinidad and Tobago', 'price': '2 629 PLN', 'when': 'December 2025'}",1
[TK+MH] WAW-ADL/BNE-WAW II-III '26 ,2025-10-20 10:37:00,"waw-adl-bne-waw-ii-iii-26,232,183995","Miesiąc w Australii (z południa na pn.-wsch.). ADL-BNE: - samolotem, np.25 lutego [JQ] za 327 PLN- autem ponad 2 tys. km , 22 godz.",4.0,"{'airlines': ['Turkish Airlines', 'Malaysia Airlines', 'Jetstar'], 'from': 'Warsaw, Poland', 'to': 'Adelaide, Australia', 'price': '3,446 PLN', 'when': 'February 2026'}",1
[A3] WAW HER od 394 PLN I-III ,2025-10-20 15:12:00,"waw-her-od-394-pln-i-iii,232,184000","Kreta w terminach styczeń - marzec od ok. 100 EUR. Można zrobić stop 20,5 h w ATH.",3.0,"{'airlines': ['Aegean'], 'from': 'Warsaw, Poland', 'to': 'Heraklion, Greece', 'price': '394 PLN', 'when': 'January 2025'}",1
[AI] VIE-KTM-VIE 1818 zł ,2025-10-20 18:42:00,"vie-ktm-vie-1818-zl,232,184004","Nepal z Air India. Leciałem z nimi na tej trasie, żyję .",1.0,"{'airlines': ['Air India'], 'from': 'Vienna, Austria', 'to': 'Kathmandu, Nepal', 'price': '1818 zł', 'when': 'March 2025'}",1
[KL/AF] WAW/Regiony - HKG + Azja Pd-Wsch od 1936 PLN XI-II ,2025-10-21 06:40:00,"waw-regiony-hkg-azja-pd-wsch-od-1936-pln-xi-ii,232,184011","Loty do Hong Kongu ze stolicy oraz regionów, plus kilka propozycji na dalszą podróż (druga połowa stycznia).",12.0,"{'airlines': ['KLM', 'Air France', 'VietJet Air', 'e-Express', 'Scoot'], 'from': 'Warsaw, Poland', 'to': 'Hong Kong, China', 'price': '1936', 'when': 'November 2025'}",1
[CZ] LHR-DPS-LHR 1625 zł ,2025-10-21 19:16:00,"lhr-dps-lhr-1625-zl,232,184025","Bali z China Southern (26.10-10.12, tf.info).",1.0,"{'airlines': ['China Southern Airlines'], 'from': 'London, UK', 'to': 'Denpasar, Indonesia', 'price': '1625 zł', 'when': 'October 2025'}",1
[SK] WAW/KRK/GDN - EVE majówka od 664 PLN ,2025-10-22 07:44:00,"waw-krk-gdn-eve-majowka-od-664-pln,232,184029",Loty pod Lofoty na przełomie kwietnia i maja.,3.0,"{'airlines': ['SAS'], 'from': 'Warsaw, Poland', 'to': 'Eve, Norway', 'price': '664', 'when': 'May 2025'}",1
"[LO,J2] WAW-GYD-UGC III 1270 PLN ",2025-10-22 17:03:00,"waw-gyd-ugc-iii-1270-pln,232,184037",Stosunkowo nowe połączenie J2 na lotnisko położone niedaleko Chiwy. Na razie trudno o dobre ceny z innych krajów.,3.0,"{'airlines': ['LO', 'J2', 'AZAL'], 'from': 'Warsaw, Poland', 'to': 'Urgencz, Uzbekistan', 'price': '1270 PLN', 'when': 'March 2025'}",1
"[BA,TP] WAW-YYZ-PDL-LIS-WAW 2400 PLN VI/V ",2025-10-23 06:49:00,"waw-yyz-pdl-lis-waw-2400-pln-vi-v,232,184052","Toronto, Ponta Delgada i Lizbona kwiecień/maj.",5.0,"{'airlines': ['BA', 'TP'], 'from': 'Warsaw, Poland', 'to': 'Toronto, Canada + Ponta Delgada, Portugal + Lisbon, Portugal', 'price': '2400 PLN', 'when': 'May 2025'}",1
[SK] WAW-ICN za 1665 PLN II '26 ,2025-10-23 15:32:00,"waw-icn-za-1665-pln-ii-26,232,184054",Seul SASem w lutym. Cena u Austriaka.,1.0,"{'airlines': ['SAS'], 'from': 'Warsaw, Poland', 'to': 'Seoul, South Korea', 'price': '1665', 'when': 'February 2026'}",1
[KL/AF] ARN-GEO-ARN 2454 zł ,2025-10-23 19:34:00,"arn-geo-arn-2454-zl,232,184056",Pierwszy raz loty do Gujany z Air France/KLM (do tej pory British Airways z Londynu via UVF; nous.com). Także z Londynu.,2.0,"{'airlines': ['Air France', 'KLM'], 'from': 'Stockholm, Sweden', 'to': 'Georgetown, Guyana', 'price': '2454 zł', 'when': 'March 2025'}",1
[QS] PRG-FNC-PRG 718 zł ,2025-10-23 19:25:00,"prg-fnc-prg-718-zl,232,184055","W cenie normalna kabinówka (maks. 8 kg, 55x40x23 cm). Na zrzucie 22-29 listopada. Inny termin: 06-20 grudnia (712 zł).",1.0,"{'airlines': ['Smartwings'], 'from': 'Prague, Czech Republic', 'to': 'Funchal, Portugal', 'price': '718 zł', 'when': 'November 2025'}",1
[TK] KRK/WAW - ORD od 2092 PLN XII-V ,2025-10-24 16:07:00,"krk-waw-ord-od-2092-pln-xii-v,232,184064","Oferta warta rozpatrzenia, jeśli ktoś potrzebuje bagaż rejestrowany (w standardzie 2 szt.). Sporo dat, w tym majówka, Boże Narodzenie i Sylwester. W zależności od terminu krótkie przesiadki.",4.0,"{'airlines': ['Turkish Airlines'], 'from': 'Kraków, Poland', 'to': 'Chicago, USA', 'price': '2092', 'when': 'December 2025'}",1
[AF+RC] VIE-FAE-VIE 760 zł ,2025-10-24 16:11:00,"vie-fae-vie-760-zl,232,184065","Faroje na jednym bilecie z normalnym podręcznym plus z powrotem kilka godzin w Paryżu. Pod koniec sezonu turystycznego na wyspach. Byłem w tym czasie, polecam .",3.0,"{'airlines': ['Air France', 'Atlantic Airways'], 'from': 'Vienna, Austria', 'to': 'Sørvágur, Faroe Islands', 'price': '760', 'when': 'September 2026'}",1
"[SK,FI] GDN/POZ-KEF-GOH od 2695 PLN VIII ",2025-10-25 09:37:00,"gdn-poz-kef-goh-od-2695-pln-viii,232,184070","Grenlandia, oraz Islandia pod koniec wakacji. Krótszy i dłuższy termin.",6.0,"{'airlines': ['SAS', 'KefAir'], 'from': 'Gdańsk, Poland', 'to': 'Goðafoss, Iceland', 'price': '2695 PLN', 'when': 'August 2025'}",1
"[TK,FJ] KRK-NAN od 5008 PLN I-II ",2025-10-25 09:05:00,"krk-nan-od-5008-pln-i-ii,232,184069",Fidżi styczeń/luty. Przesiadki w Stambule i Singapurze.,3.0,"{'airlines': ['Turkish Airlines', 'Fiji Airways'], 'from': 'Kraków, Poland', 'to': 'Nadi, Fiji', 'price': '5008 PLN', 'when': 'January 2025'}",1
[JU] 26% zniżki ,2025-10-25 13:00:00,"26-znizki,232,184071",W ten weekend 26% zniżki na loty Air Serbia z kodem HBDAY12JU.Czas podróży do końca sierpnia 2026.,0.0,"{'airlines': ['Air Serbia'], 'from': 'Unknown, Unknown', 'to': 'Unknown, Unknown', 'price': 'Unknown', 'when': 'August 2026'}",1
[ET] LON-HRE-LON za 1318 ,2025-10-26 13:59:00,"lon-hre-lon-za-1318,232,184078",Zimbabwe z Londynu (tanie doloty z Polski). Terminy XI-III (na screenie w terminie 06.-19.11.). W różnych kombinacjach LHR i LGW. Przesiadki w ADD (w obie strony) i LUN (z powrotem). Cena u Bryta.,1.0,"{'airlines': ['Ethiopian Airlines'], 'from': 'London, United Kingdom', 'to': 'Harare, Zimbabwe', 'price': '1318', 'when': 'November 2025'}",1
[MU] MXP-PUS-MXP za 1371 PLN. ,2025-10-26 14:21:00,"mxp-pus-mxp-za-1371-pln,232,184079",Nie zawsze Seul. Pusan w okresie XI-I (na screenie w terminie 05.-27.12.). Przesiadki w Szanghaju że zmianą lotniska (popołudnie i nocka w drodze tam) i Xi Anie. Za 1585 zł bez zmian lotniska. Cena u Bryta.,1.0,"{'airlines': ['China Eastern'], 'from': 'Milan, Italy', 'to': 'Busan, South Korea', 'price': '1371', 'when': 'December 2025'}",1
[KL] WRO-FNC 645 zł ,2025-10-27 11:17:00,"wro-fnc-645-zl,232,184090","Madera z Wrocławia za 645 zł Załącznik:  wro-fnc.png [ 192.42 KiB | Obejrzany 104 razy ]   taka sama cena przy wylocie 10.01powroty możliwe także w kolejnych dniach, ale z nocką w AMS",0.0,"{'airlines': ['KLM'], 'from': 'Wrocław, Poland', 'to': 'Funchal, Portugal', 'price': '645', 'when': 'January 2025'}",1
[CA] ARN-TPE-ARN 1281 zł ,2025-10-27 18:31:00,"arn-tpe-arn-1281-zl,232,184099",Tajwan z Air China w dobrej cenie.,2.0,"{'airlines': ['Air China', 'Air Macau'], 'from': 'Stockholm, Sweden', 'to': 'Taipei, Taiwan', 'price': '1281 zł', 'when': 'March 2025'}",1
[AC+LH] WAW-SKB-WAW <3000 PLN ,2025-10-28 10:55:00,"waw-skb-waw-3000-pln,232,184108","Saint Kitts, Małe Antyle. Na screenie w terminie 23.01.-07.02.26. Przesiadki we FRA i MUCH oracz prawie cała doba w TYYZ (w obie strony) demotywują, ale...",1.0,"{'airlines': ['Air Canada', 'Lufthansa'], 'from': 'Warsaw, Poland', 'to': 'Saint Kitts, Saint Kitts and Nevis', 'price': '2969', 'when': 'January 2026'}",1
[B6] AMS-GYE-AMS za 2156 PLN ,2025-10-28 10:45:00,"ams-gye-ams-za-2156-pln,232,184107",Ekwador w I poł. czerwca '26. Popołudniowo-wieczorne przesiadki na JFK. Cena u Norwega.,1.0,"{'airlines': ['jetBlue'], 'from': 'Amsterdam, Netherlands', 'to': 'Guayaquil, Ecuador', 'price': '2156 PLN', 'when': 'June 2026'}",1
"[KL,TK] GDN-IST-PER/WAW-PER 3180/3645 PLN II-III ",2025-10-28 08:04:00,"gdn-ist-per-waw-per-3180-3645-pln-ii-iii,232,184105",Zachodnia Australia z przystankiem w Stambule. W drodze powrotnej ok 20 godz. w KUL.E: z WAW na jednym bilecie 3645 PLN,4.0,"{'airlines': ['KLM', 'Turkish Airlines'], 'from': 'Gdańsk, Poland', 'to': 'Perth, Australia', 'price': '3645 PLN', 'when': 'February 2025'}",1
[HU/3U] FCO-Chiny-FCO od 1850 PLN. ,2025-10-28 12:08:00,"fco-chiny-fco-od-1850-pln,232,184120","Sichuan Airlines lub Hainan Airlines. Terminy: XI-XII. Pekin, Szanghaj, Wenzhou, Kanton, Xiamen, Xi An, Haikou, Sanya, Shenzhen.",9.0,"{'airlines': ['Sichuan Airlines', 'Hainan Airlines'], 'from': 'Rome, Italy', 'to': 'China', 'price': '1850', 'when': 'November 2025'}",1
[XK] VIE-AJA-VIE 679 zł ,2025-10-28 20:27:00,"vie-aja-vie-679-zl,232,184128",Spora niespodzianka: Air Corsica poleci bezpośrednio z Wiednia na Korsykę: do Ajaccio i Bastii. W cenie jest bagaż nadawany do 23 kg oraz podręczny do 12 kg.,5.0,"{'airlines': ['Air Corsica'], 'from': 'Vienna, Austria', 'to': 'Bastia, France + Ajaccio, France', 'price': '679 zł', 'when': 'June 2026'}",1
[SK] PL - IST od 534 PLN IV ,2025-10-29 07:54:00,"pl-ist-od-534-pln-iv,232,184129","Loty około weekendowe w kwietniu do Stambułu z przesiadką w CPH. Elastyczne daty (3 - 6 dni), także na Wielkanoc.",5.0,"{'airlines': ['SAS'], 'from': 'Gdańsk, Poland', 'to': 'Istanbul, Turkey', 'price': '534 PLN', 'when': 'April 2025'}",1
[SN] LHR-DLA-LHR za 1968 PLN. ,2025-10-29 18:00:00,"lhr-dla-lhr-za-1968-pln,232,184135",Portowa Douala w Kamerunie. Na screenie w terminie 13.-27.03.26. Cena u Norwega.,1.0,"{'airlines': ['Brussels Airlines', 'SWISS'], 'from': 'London, United Kingdom', 'to': 'Douala, Cameroon', 'price': '1968', 'when': 'March 2026'}",1
[XC] AMS-CUR-AMS za 1822 PLN ,2025-10-30 16:48:00,"ams-cur-ams-za-1822-pln,232,184148","Willemstad na Curacao - ""Autonomiczny Kraj Holandii"". Cena u Helweta.",1.0,"{'airlines': ['Corendon'], 'from': 'Amsterdam, Netherlands', 'to': 'Willemstad, Curacao', 'price': '1822 PLN', 'when': 'November 2025'}",1
"[CA/MU] ICN-MXP, FCO, AMS, CDG .... ~555PLN (XI, XII, I) OW ",2025-10-31 13:49:00,"icn-mxp-fco-ams-cdg-555pln-xi-xii-i-ow,232,184153","listopad, grudzien i styczen w tej cenieprzesiadki w PEK, TFU, PVG i pewnie jeszcze gdzies dostepne wiele europejskich miast w podobnej lub odrobine wyzszej cenie np. AMS, MAD, FCO, CDG, LHRu norwegów ",1.0,"{'airlines': ['Air China'], 'from': 'Seoul, South Korea', 'to': 'Milan, Italy', 'price': '555', 'when': 'November 2023'}",1
[IB] MAD-SCL-MAD za 2751 PLN ,2025-10-31 15:26:00,"mad-scl-mad-za-2751-pln,232,184154",Santiago w Chile Iberią w marcu '26. Cena u Helmuta.,1.0,"{'airlines': ['Iberia'], 'from': 'Berlin, Germany', 'to': 'Santiago de Chile, Chile', 'price': '2751', 'when': 'March 2026'}",1
"[BQ] WAW-BZO ~165 € OW, 330 € RT ",2025-11-01 17:45:00,"waw-bzo-165-euro-ow-330-euro-rt,232,184160","Nie cena gra tutaj główną rolę, lecz możliwość nietypowej kreski - wrzucam bardziej jako ciekawostkę. Loty od grudnia do marca, w piątki.",3.0,"{'airlines': ['BQ'], 'from': 'Warsaw, Poland', 'to': 'Bolzano, Italy', 'price': '330 €', 'when': 'December 2025'}",1
[TP] BER(Berlin)- EWR(Nowy Jork Newark) 1335 PLN RT 01-03.20 ,2025-11-02 10:24:00,"ber-berlin-ewr-nowy-jork-newark-1335-pln-rt-01-03-20,232,184170",Załącznik:  BEREWR.jpg [ 33.45 KiB | Obejrzany 37 razy ]  ,0.0,"{'airlines': ['TP'], 'from': 'Berlin, Germany', 'to': 'Newark, USA', 'price': '1335 PLN', 'when': 'March 2021'}",1
Konkurs na relację miesięcy wrzesień i październik 2025 ,2025-11-02 10:19:00,"konkurs-na-relacje-miesiecy-wrzesien-i-pazdziernik-2025,232,184169","Drodzy Użytkownicy!W tym roku podwójne konkursy powoli stają się tradycją ale tym bardziej warto docenić autorów relacji. Tym bardziej że przygotowali jak zawsze rewelacyjne lektury - zachęcamy do czytania i głosowania na Wasze ulubione relacje  SYSTEM GŁOSOWANIAGłosujemy na trzy relacje:Gdy zaznaczymy ""1"" relacja otrzymuje 3pkt.Gdy zaznaczymy ""2"" relacja otrzymuje 2pkt.Gdy zaznaczymy ""3"" relacja otrzymuje 1pkt.NOMINOWANE PRACE1) Wyspy Owcze na wrześniowy weekend z dzieciakamiAutor: @hiszpanLink: wyspy-owcze-na-wrzesniowy-weekend-z-dzieciakami,1507,1836112) Romantyzm prowadził 2:0, ale siatkówka wygrała 3:2! Autor: @gruby_inversiaLink: romantyzm-prowadzil-2-0-ale-siatkowka-wygrala-3-2,215,1831333) Mój pierwszy raz …Autor: @saposLink: moj-pierwszy-raz-hellip,210,1836474) Nie szybkie i nie RTW Autor: @pabienLink: nie-szybkie-i-nie-rtw,219,1833895) Aragonia, Nawarra i Kraj Basków – Hiszpania mniej znanaAutor: @SandakanLink: aragonia-nawarra-i-kraj-baskow-ndash-hiszpania-mniej-znana,1506,1839836) Spitsbergen w wiosennej odsłonie Autor: @nelciowataLink: spitsbergen-w-wiosennej-odslonie,1507,1837997) A los pies de Canaima czyli Skok Anioła w Domu Diabła [Live]Autor: @tom971Link: a-los-pies-de-canaima-czyli-skok-aniola-w-domu-diabla,212,184022Regulamin konkursu: http://www.fly4free.pl/forum/regulamin- ... ,189,82550Głosowanie trwa dokładnie 7 dni - czyli do niedzieli 9 listopada do godziny 09:20W imieniu administracji i moderacji gorąco zachęcamy do czytania i głosowania.Pozdrawiam,Washington",0.0,"{'airlines': [], 'from': '', 'to': '', 'price': '', 'when': 'October 2025'}",1
[TK] BER-BSZ 1488 PLN IV-VI ,2025-11-02 08:24:00,"ber-bsz-1488-pln-iv-vi,232,184167","Kirgistan z Berlina tradycyjnymi liniami, różne kombinacje przesiadek w IST. Kwiecień - czerwiec.",3.0,"{'airlines': ['Turkish Airlines'], 'from': 'Berlin, Germany', 'to': 'Bishkek, Kyrgyzstan', 'price': '1488 zł', 'when': 'April 2025'}",1
[MU] BUD-SYD-BUD za 2387 PLN. ,2025-11-02 13:45:00,"bud-syd-bud-za-2387-pln,232,184174","Szkoda, że na tak krótko.",1.0,"{'airlines': ['China Eastern Airlines'], 'from': 'Budapest, Hungary', 'to': 'Sydney, Australia', 'price': '2387 PLN', 'when': 'March 2025'}",1
[TP] BER-SFO(LAX)-BER od 1727 PLN na majówkę '26 ,2025-11-02 13:19:00,"ber-sfo-lax-ber-od-1727-pln-na-majowke-26,232,184173",SFO - popołudnie i nocka w Lizbonie w trakcie powrotu. Cena u Norwega. W tej samej cenie także 10.04.-07.05. Przy powrocie 14.05. nawet za 1718 PLN. W terminie 27.04.-07.05. za 1752 PLN.LAX - w tej samej cenie przy powrocie 08.05.,2.0,"{'airlines': ['TP'], 'from': 'Berlin, Germany', 'to': 'Los Angeles, USA', 'price': '1727 PLN', 'when': 'May 2026'}",1
[TP] BER(Berlin)- EWR(Nowy Jork) 1335 PLN RT 01- 03.2026 ,2025-11-02 10:24:00,"ber-berlin-ewr-nowy-jork-1335-pln-rt-01-03-2026,232,184170",Załącznik:  BEREWR.jpg [ 33.45 KiB | Obejrzany 171 razy ]  ,0.0,"{'airlines': ['TP'], 'from': 'Berlin, Germany', 'to': 'New York, USA', 'price': '1335 PLN', 'when': 'March 2026'}",1
[SK] KRK-LYR 1017 PLN IV ,2025-11-02 16:09:00,"krk-lyr-1017-pln-iv,232,184182",Loty na najdalej na północ położone lotnisko obsługujące regularne połączenia. Przedłużony weekend pod koniec kwietnia. Krótkie przesiadki.,1.0,"{'airlines': ['SAS'], 'from': 'Kraków, Poland', 'to': 'Longyearbyen, Norway', 'price': '1017 PLN', 'when': 'April 2025'}",1
[CA] WAW-MNL 2578 ZŁ ,2025-11-02 19:43:00,"waw-mnl-2578-zl,232,184183",Dobra okazja First minute. Filipiny z Warszawy 9-24 luty 2026,0.0,"{'airlines': ['CA'], 'from': 'Warsaw, Poland', 'to': 'Manila, Philippines', 'price': '2578 PLN', 'when': 'February 2026'}",1
[SK] KRK-EVE-KRK Lofoty w VIII 26 od 635 PLN ,2025-11-02 20:13:00,"krk-eve-krk-lofoty-w-viii-26-od-635-pln,232,184184","Bezpośrednio na stronie SAS 2 x OW z 1 krótka przesiadką w CPH , bagaż tylko mały osobisty.Np. 22-26 08 lub trochę drożej 15-19.08, 29.08-02.09",0.0,"{'airlines': ['SAS'], 'from': 'Kraków, Poland', 'to': 'Lofoty, Norway', 'price': '635', 'when': 'August 2026'}",1
"[CA] FCO-AKL ~2200PLN, marzec ",2025-11-03 14:51:00,"fco-akl-2200pln-marzec,232,184192",Przykładowe daty 5-24.03.2025r.,1.0,"{'airlines': ['Air China'], 'from': 'Rome, Italy', 'to': 'Auckland, New Zealand', 'price': '2216', 'when': 'March 2025'}",1
[TP+ET] OPO-EZE-OPO 1790 zł ,2025-11-03 18:23:00,"opo-eze-opo-1790-zl,232,184196",Wreszcie loty do Argentyny w rozsądnej cenie i bez konieczności przesiadki w USA (sf.com).,2.0,"{'airlines': ['Tap Air Portugal', 'Ethiopian Airlines'], 'from': 'Porto, Portugal', 'to': 'Buenos Aires, Argentina', 'price': '1790 zł', 'when': 'October 2025'}",1
[a3] waw-bgw OW od 278zł ,2025-11-04 10:43:00,"waw-bgw-ow-od-278zl,232,184201",powroty tez są tanie ale nei znalazlem takich by sie spinało tanie RTTanie wyloty w Sierpniu tanie powroty w Grudniu widzę 2025tylko wiza droga 160 usd +-Załącznik:  waw-bgw.jpg [ 71.24 KiB | Obejrzany 72 razy ]  ,0.0,"{'airlines': ['a3'], 'from': 'Warsaw, Poland', 'to': 'Baghdad, Iraq', 'price': '278', 'when': 'August 2025'}",1
[EY] WAW-KTI-WAW za 2479 PLN ,2025-11-04 18:56:00,"waw-kti-waw-za-2479-pln,232,184210","Było na forum w maju o lotach Etihadem z Warszawy na stare lotnisko [PNH] na listopad. Tutaj o lotach by Etihad na nowe Międzynarodowe Lotnisko Techo, 30-40 km od stolicy. Na screenie w terminie 04.-16.12. Za 4 zł więcej opcja z 14-godzinną przerwą w AUH w drodze powrotnej. Ceny u Helweta.",1.0,"{'airlines': ['Etihad Airways'], 'from': 'Warsaw, Poland', 'to': 'Kitee, Finland', 'price': '2479 PLN', 'when': 'December 2025'}",1
[TK] WAW-IST+TR/GE od 761 PLN V ,2025-11-06 11:00:00,"waw-ist-tr-ge-od-761-pln-v,232,184232",Początek maja w Turcji (Stambuł w opcji z regionami lub Gruzją). Także w kombinacjach OW/OJ. W cenie bagaż nadawany.,17.0,"{'airlines': ['Turkish Airlines', 'LOT'], 'from': 'Warsaw, Poland', 'to': 'Istanbul, Turkey', 'price': '761 PLN', 'when': 'May 2025'}",1
[EY] ATH-KWI KWI-AUH AUH-ATH 724 PLN ,2025-11-06 10:23:00,"ath-kwi-kwi-auh-auh-ath-724-pln,232,184231",dostępne terminy w 2025:12th-18th-24th Nov15th-21st-27th Nov20th-26th Nov – 2nd Dec22nd-28th Nov – 4th Dec24th-30th Nov – 6th Dec25th Nov – 1st-7th Dec27th Nov – 3rd-9th Dec28th Nov – 4th-10th Dec29th Nov – 5th-11th Dec30th Nov – 6th-12th Dec1st-7th-13th Dec2nd-8th-14th Dec5th-11th-17th Dec11th-17th-23rd Dec13th-19th-25th Dec,1.0,"{'airlines': ['Etihad Airways'], 'from': 'Athens, Greece', 'to': 'Kuwait City, Kuwait + Abu Dhabi, UAE', 'price': '724', 'when': 'November 2025'}",1
[TK] WAW-IST+TR/GE/UZ od 761 PLN V ,2025-11-06 11:00:00,"waw-ist-tr-ge-uz-od-761-pln-v,232,184232","Początek maja w Turcji (Stambuł w opcji z regionami lub Gruzją). Także w kombinacjach OW/OJ. W cenie bagaż nadawany.E: dorzucę jeszcze mniej oczywiste kierunki w Uzbekistanie do których lata TK - Buchara Samarkanda i Chiwa (zwykle dosyć drogie z UE na jednym bilecie). Przy okazji lotu do tego ostatniego, powtarzający się błąd gcmap - Jeziora Aralskiego zostało może 10% stanu faktycznego.",20.0,"{'airlines': ['Turkish Airlines'], 'from': 'Warsaw, Poland', 'to': 'Istanbul, Turkey', 'price': '761 PLN', 'when': 'May 2025'}",1
[A3/OA/GQ] WAW/KRK - Grecja wyspiarska od 388 PLN ,2025-11-07 13:19:00,"waw-krk-grecja-wyspiarska-od-388-pln,232,184241","Żeby nie robić bałaganu w wątku A3, pozwolę sobie założyć nowy temat. Zbiór lotów na początku grudnia z WAW. Termin z weekendem 5 - 8.12 lub 5-9.12. Również z długimi przesiadkami w ATH.",11.0,"{'airlines': ['Aegean', 'Olympic Air', 'SKY express'], 'from': 'Warsaw, Poland', 'to': 'Karpathos, Greece', 'price': '388 PLN', 'when': 'December 2025'}",1
[AF] WAW/VIE/BER - FAE od 857 PLN (VII-IX) ,2025-11-09 09:41:00,"waw-vie-ber-fae-od-857-pln-vii-ix,232,184250","Wyspy Owcze z Warszawy, bądź jak komuś bardziej pasuje z Wiednia lub Berlina. Lipiec - wrzesień.",6.0,"{'airlines': ['Air France'], 'from': 'Warsaw, Poland', 'to': 'Faroe Islands', 'price': '857 PLN', 'when': 'July 2025'}",1
[EY] WAW-DEL 1804 PLN + KTM/regiony od 160 PLN I-III ,2025-11-09 16:29:00,"waw-del-1804-pln-ktm-regiony-od-160-pln-i-iii,232,184253","Delhi z Warszawy od stycznia do marca. W opcji z Nepalem, Indiami kontynentalnymi (Pendżab, Sikkim, Goa) lub Andamanami.",6.0,"{'airlines': ['Etihad Airways', 'Air India', 'IndiGo'], 'from': 'Warsaw, Poland', 'to': 'Delhi, India', 'price': '1804', 'when': 'January 2025'}",1
Kalendarz F4F 2026 - zgłoszenia ,2025-11-10 02:35:00,"kalendarz-f4f-2026-zgloszenia,232,184256","Drodzy użytkownicy,to już ósma edycja naszych forumowych kalendarzy Fly4free - tworzona przez użytkowników dla użytkowników Zapraszamy wszystkie chętne osoby do przesyłania zgłoszeń - fotografii własnego autorstwa, w orientacji poziomej, o proporcjach 3:2. Tematyka - najładniejsze zdjęcie z podróży  Jedna osoba może przesłać maksymalnie 3 zdjęcia, prosimy też nie nadsyłać zdjęć które brały udział w poprzednich edycjach.Spośród wszystkich nadesłanych zgłoszeń moderatorzy wybiorą (w głosowaniu z anonimowymi zdjęciami) 25 finałowych prac, które wystawimy w konkursie. O wygranej 13 zdjęć zadecydujecie Wy w forumowym głosowaniu.Adres do nadsyłania zdjęć - forum@fly4free.pl. Zdjęcia można przesyłać w załączniku lub w postaci linku do pliku. Termin do nadsyłania zgłoszeń - do środy 19.11.2025 do 23:59.Zachęcamy do udziału  Autorzy wybranych zdjęć będą w kalendarzu afiliowani, zaś same zdjęcia zostaną wykorzystane tylko i wyłącznie do stworzenia kalendarza, w celu niekomercyjnym. Oczywiście tradycyjnie dla autorów wybranych zdjęć przewidujemy kalendarz Regulamin zgłoszeń do kalendarzy Fly4free1) Raz do roku użytkownicy forum Fly4free będą mieli możliwość zgłoszenia zdjęć do kalendarza Fly4free. Terminy corocznych zgłoszeń będą ogłaszane na forum Fly4free2) Zgłaszane zdjęcia powinny być w orientacji poziomej, o proporcjach 3:2, o tematyce podróżniczej. W przypadku nadesłania zdjęć o nieprawidłowych proporcjach administracja forum zastrzega sobie prawo do samodzielnego skadrowania zdjęcia.3) Jeden użytkownik może zgłosić maksymalnie 3 zdjęcia własnego autorstwa poprzez wysłanie ich w formie załącznika lub linku do pliku na adres e-mail forum@fly4free.pl4) Zdjęcia poprzednio wybrane nie mogą brać udziału w kolejnej edycji wyboru zdjęć do kalendarza Fly4free5) Spośród zgłoszonych prac jury składające się z moderatorów i administratorów forum wybierze w głosowaniu z anonimowymi zdjęciami maksymalnie 25 prac. Jury zastrzega sobie możliwość nie brania pod uwagę w głosowaniu prac w jakości nie nadającej się do wydruku. Spośród wybranych 25 prac finałowe 13 prac zostanie wybrane przez użytkowników forum Fly4free w głosowaniu które odbędzie się na stronie internetowej forum Fly4free6) Wybrane 13 prac zostanie zamieszczone w kalendarzu Fly4free, a ich autorzy zostaną afiliowani z imienia i nazwiska bądź nazwy użytkownika pod zdjęciami (zgodnie z życzeniem autora)8) Zgłaszając pracę do kalendarza autor zdjęcia wyraża zgodę na jednorazowe, nieodpłatne użycie jego zdjęcia w kalendarzu Fly4free do celów niekomercyjnych w przypadku wybrania jego pracy przez jury i użytkowników forum9) Zgłaszając pracę do kalendarza autor zdjęcia nie zrzeka się żadnych praw autorskich. W przypadku nie wybrania jego pracy przez jury bądź użytkowników zdjęcie nie zostanie wykorzystane.",0.0,"{'airlines': [], 'from': '', 'to': '', 'price': '', 'when': ''}",1
[TK] WAW-JFK 2166 PLN IV-V ,2025-11-10 12:50:00,"waw-jfk-2166-pln-iv-v,232,184258",Nowy Jork na majówkę. Idealny deal na shopping - w standardzie dwa bagaże nadawane 23 kg.,1.0,"{'airlines': ['Turkish Airlines'], 'from': 'Warsaw, Poland', 'to': 'New York, USA', 'price': '2166', 'when': 'April 2025'}",1
[LO+AV] WAW - PEI CLO 2280PLN II ,2025-11-11 11:54:00,"waw-pei-clo-2280pln-ii,232,184267","Pereira i Cali z Warszawy, cena u kiwi, ale inne ota po około 2400.Może komuś się przyda https://www.skyscanner.no/transport/lot ... 00/index/0",2.0,"{'airlines': ['LOT', 'Avianca'], 'from': 'Warsaw, Poland', 'to': 'Pereira, Colombia', 'price': '2280 PLN', 'when': 'October 2025'}",1
[LO/AV] WAW-SJO 2560 PLN I-III ,2025-11-12 09:09:00,"waw-sjo-2560-pln-i-iii,232,184270",Kostaryka z WAW styczeń - marzec.,1.0,"{'airlines': ['LOT', 'Avianca'], 'from': 'Warsaw, Poland', 'to': 'San José, Costa Rica', 'price': '2560', 'when': 'January 2025'}",1
[CZ] ICN - LUX 962 zł / LUX - ICN 1277 zł ,2025-11-12 19:54:00,"icn-lux-962-zl-lux-icn-1277-zl,232,184283","Taka ciekawostka last minute  Widoczne na matrixie, kupowalne także na stronie CZZ naszej europejskiej perspektywy - z LUX - też cena spoko, ale drożej - 1277 zł PS. Chociaż widzę, że kupując w styczniu dwa OW, da radę za jakieś 266 euro",2.0,"{'airlines': ['CZ'], 'from': 'Luxembourg, Luxembourg', 'to': 'Seoul, South Korea', 'price': '962', 'when': ''}",1
LUX - ICN - EU od 264 eur ,2025-11-12 19:54:00,"lux-icn-eu-od-264-eur,232,184283",Kupując dwa loty OW - C2-C3 i C3-C2 - chińczyki dają możliwość w styczniu na wycieczkę do ICN za rozsądne 1117 zł  Pewnie na spoko do urwania paru złotych.,2.0,"{'airlines': ['China Eastern Airlines', 'Shanghai Airlines'], 'from': 'Luxembourg City, Luxembourg', 'to': 'Incheon, South Korea', 'price': '1117', 'when': 'January 2025'}",1
"[LO,JU] KRK-BEG XII-I 654 PLN ",2025-11-13 12:18:00,"krk-beg-xii-i-654-pln,232,184292","Belgrad na Sylwestra i Nowy Rok. Kombinacja Lot (30, 31.12) i Air Serbia. Dobre godziny lotów.",2.0,"{'airlines': ['LOT', 'Air Serbia'], 'from': 'Kraków, Poland', 'to': 'Belgrade, Serbia', 'price': '654 PLN', 'when': 'December 2025'}",1
"[QR,HU,EY] WAW-HKG,SZX-HAK-BKK-WAW 2600 PLN XII ",2025-11-13 15:21:00,"waw-hkg-szx-hak-bkk-waw-2600-pln-xii,232,184295","Hongkong/Shenzhen, chiński Hawaje oraz Tajlandia dobrymi liniami. Daty do modyfikacji - wylot od końca listopada do 11.12. Powrót 14-31.12 również z HKT lub CNX.",6.0,"{'airlines': ['Qatar Airways', 'Etihad Airways'], 'from': 'Warsaw, Poland', 'to': 'Bangkok, Thailand', 'price': '2600 PLN', 'when': 'December 2025'}",1
"[QR,HU,EY] WAW-HKG,SZX-HAK-BKK/HKT/CNX-WAW 2600 PLN XII ",2025-11-13 15:21:00,"waw-hkg-szx-hak-bkk-hkt-cnx-waw-2600-pln-xii,232,184295","Hongkong/Shenzhen, chińskie Hawaje oraz Tajlandia dobrymi liniami. Daty do modyfikacji - wylot od końca listopada do 11.12. Powrót 14-31.12 również z HKT lub CNX.",6.0,"{'airlines': ['Qatar Airways', 'Etihadi Airways'], 'from': 'Warsaw, Poland', 'to': 'Bangkok, Thailand', 'price': '2600 PLN', 'when': 'December 2025'}",1
[DV] PRG-SYX-PRG 2414 zł ,2025-11-13 20:32:00,"prg-syx-prg-2414-zl,232,184297","Bardziej jako ciekawostka: kazachskie linie SCAT polecą z Pragi na chińską wyspę Hajnan. Trasę obsłuży Boeing 737-9, po drodze międzylądowanie w Biszkeku. W cenie biletu jest bagaż rejestrowany do 23 kg.",3.0,"{'airlines': ['SCAT Airlines'], 'from': 'Prague, Czech Republic', 'to': 'Sanya, China', 'price': '2414', 'when': 'November 2025'}",1
[LH] VIE - SUB/DPS od 2147 PLN IV-VI ,2025-11-15 07:59:00,"vie-sub-dps-od-2147-pln-iv-vi,232,184316","Surabaja - wschodnia część Jawy lub Denpasar na początku sezonu z Wiednia. W podobnej cenie CGK , również OJ. Kwiecień - czerwiec",4.0,"{'airlines': ['Lufthansa', 'Austrian Airlines', 'Singapore Airlines', 'Qatar Airways'], 'from': 'Vienna, Austria', 'to': 'Denpasar, Indonesia', 'price': '2147 PLN', 'when': 'April 2025'}",1
[TK] WAW - YVR 2666 PLN V ,2025-11-17 10:55:00,"waw-yvr-2666-pln-v,232,184347",Kolumbia Brytyjska na początku sezonu. Dość niecodzienny kierunek z PL w rozsądnej cenie - w tym przypadku również standardowo z bagażem rejestrowanym. W drodze powrotnej doba w Stambule.,1.0,"{'airlines': ['Turkish Airlines'], 'from': 'Warsaw, Poland', 'to': 'Vancouver, Canada', 'price': '2666 PLN', 'when': 'May 2024'}",1
[OM] IST-UBN (Ułan Bator) 1691 PLN RT 01-09.2026 ,2025-11-17 07:59:00,"ist-ubn-ulan-bator-1691-pln-rt-01-09-2026,232,184344",1 mały bagaż osobisty1 szt. bagażu podręcznego1 sztuka bagażu rejestrowanego (23kg)Załącznik:  ISTUBN.jpg [ 27.08 KiB | Obejrzany 111 razy ]  ,0.0,"{'airlines': ['OM'], 'from': 'Istanbul, Turkey', 'to': 'Ulaanbaatar, Mongolia', 'price': '1691 PLN', 'when': 'September 2026'}",1
[KL] KRK - TFS 724 zł RT ,2025-11-17 15:23:00,"krk-tfs-724-zl-rt,232,184352","Cena może nie jest super-hiper, ale jak na lot z dużym podręcznym + małą torbą w cenie w okolicach długiego weekendu, jest przyzwoita, zwłaszcza porównując do FR w podobnych datach.Można też znaleźć kilkadziesiąt zł taniej, ale z nocką w AMS.",1.0,"{'airlines': ['KLM'], 'from': 'Kraków, Poland', 'to': 'Tenerife South, Spain', 'price': '724 PLN', 'when': 'May 2025'}",1
[AC] CDG-YUL-CDG 1288 zł ,2025-11-18 20:04:00,"cdg-yul-cdg-1288-zl,232,184378",Montreal z Air Canada w wakacje.,1.0,"{'airlines': ['Air Canada'], 'from': 'Paris, France', 'to': 'Montreal, Canada', 'price': '1288 zł', 'when': 'June 2025'}",1
[SK] GDN/KRK - LYR 902 PLN I-V ,2025-11-19 10:44:00,"gdn-krk-lyr-902-pln-i-v,232,184385",Spitsbergen na jednym bilecie z Gdańska lub Krakowa. Loty na przedłużony weekend od stycznia do maja.,4.0,"{'airlines': ['SAS'], 'from': 'Gdańsk, Poland', 'to': 'Longyearbyen, Norway', 'price': '902 PLN', 'when': 'January 2025'}",1
[DE+LO] WAW - JNB 2226 PLN IV ,2025-11-20 09:03:00,"waw-jnb-2226-pln-iv,232,184395","RPA w drugiej połowie kwietnia z WAW. Pogodowo dobry okres. Kilka dat, wylot: 13,15,18,20.04, powrót 23,26,28.04. Krótkie przesiadki, w cenie bagaż nadawany.",1.0,"{'airlines': ['LOT', 'Condor'], 'from': 'Warsaw, Poland', 'to': 'Johannesburg, South Africa', 'price': '2226 PLN', 'when': 'April 2025'}",1
[TK] VNO - UGC 1884 PLN IV-IX ,2025-11-20 15:44:00,"vno-ugc-1884-pln-iv-ix,232,184404","Zachodni Uzbekistan (Karakałpacja) z Wilna. Sporo terminów, w tym wakacje.",1.0,"{'airlines': ['Turkish Airlines'], 'from': 'Vilnius, Lithuania', 'to': 'Urganch, Uzbekistan', 'price': '1884 PLN', 'when': 'April 2025'}",1
[LH] PL-SSG-PL od 2695 pLN ,2025-11-21 10:44:00,"pl-ssg-pl-od-2695-pln,232,184411","Malabo (Gwinea Równikowa) ze stolicy i regionów za prawie rok. Przesiadki we Frankfurcie, stopy techniczne w Lagos. Na screenie przykładowy termin 01.-08.10.26. Także z Wrocławia, Gdańska i Krakowa. Z Warszawy najdrożej. Ceny u Norwega",5.0,"{'airlines': ['Lufthansa'], 'from': 'Warsaw, Poland', 'to': 'Malabo, Equatorial Guinea', 'price': '2,871 PLN', 'when': 'October 2026'}",1
"[LH/OM,EY] WAW-UBN,PEK-WAW 2580 PLN IV-VI ",2025-11-22 10:02:00,"waw-ubn-pek-waw-2580-pln-iv-vi,232,184431","Mongolia i Chiny w jednej podróży. Elastyczne daty w każdym z miejsc. Z U1 Bator do Pekinu można się dostać lotem OM lub drogą lądową (jeśli ktoś ma aktualne info, niech proszę podpowie). WAW-UBN-PEK w standardzie z rejestrowanym. https://www.rome2rio.com/map/Ulaanbaata ... /Train-bus",4.0,"{'airlines': ['Lufthansa', 'MIAT', 'Ononim Air'], 'from': 'Warsaw, Poland', 'to': 'Ulaanbaatar, Mongolia + Beijing, China', 'price': '2580 PLN', 'when': 'April 2025'}",1
[AV] MAD-SCL-MAD 1850 zł ,2025-11-22 19:26:00,"mad-scl-mad-1850-zl,232,184446",Terminy: kwiecień-maj (sf.com).,1.0,"{'airlines': ['Avianca'], 'from': 'Madrid, Spain', 'to': 'Santiago de Chile, Chile', 'price': '1850', 'when': 'April 2026'}",1
[BA] WAW-GIG 2650 PLN ,2025-11-22 21:43:00,"waw-gig-2650-pln,232,184450",Rezerwacja na stronie BA.,1.0,"{'airlines': ['British Airways'], 'from': 'Warsaw, Poland', 'to': 'Rio de Janeiro, Brazil', 'price': '2635 PLN', 'when': 'May 2025'}",1
"[QR,6E] WAW-CCU-IXZ (Andamany) 2340 PLN II-III ",2025-11-23 08:10:00,"waw-ccu-ixz-andamany-2340-pln-ii-iii,232,184456",Coraz bardziej popularny archipelag Andamanów i Nikobarów z Warszawy. Terminy na luty/marzec. Zmiana przewoźnika w Kalkucie - godziny lotów pozwalają na transfer bez nocki. W standardzie bagaż nadawany na całej trasie.,3.0,"{'airlines': ['Qatar Airways', 'IndiGo'], 'from': 'Warsaw, Poland', 'to': 'Andaman Islands, India', 'price': '2340 PLN', 'when': 'February 2025'}",1
[ET] ARN-JNB 1480 PLN RT 01-06.2026 ,2025-11-23 11:19:00,"arn-jnb-1480-pln-rt-01-06-2026,232,184461",https://se.mytrip.com/rf/result?selecti ... 3Az_g6493pZałącznik:  ARNJNB.jpg [ 55.88 KiB | Obejrzany 49 razy ]  ,0.0,"{'airlines': ['ET'], 'from': 'Stockholm, Sweden', 'to': 'Johannesburg, South Africa', 'price': '1480 PLN', 'when': 'June 2026'}",1
[DE] BER-CPT (Cape Town) 1738 PLN RT 11-12.2025 ,2025-11-24 20:58:00,"ber-cpt-cape-town-1738-pln-rt-11-12-2025,232,184481",Załącznik:  BERCPT.jpg [ 28 KiB | Obejrzany 13 razy ]  ,0.0,"{'airlines': ['DE'], 'from': 'Berlin, Germany', 'to': 'Cape Town, South Africa', 'price': '1738 PLN', 'when': 'December 2025'}",1
[MU] MPX/FCO-TPE 1433/1747 PLN RT 12.2025-02.2026 ,2025-11-25 08:33:00,"mpx-fco-tpe-1433-1747-pln-rt-12-2025-02-2026,232,184486",1 szt. małego bagażu podręcznego1 szt. bagażu podręcznego 1 szt. bagażu rejestrowanegoZałącznik:  MPXTPE.jpg [ 24.47 KiB | Obejrzany 74 razy ]  Załącznik:  FCOTPE.jpg [ 26.11 KiB | Obejrzany 74 razy ]  Załącznik:  FCOTSA.jpg [ 35.3 KiB | Obejrzany 74 razy ]  ,0.0,"{'airlines': ['MU'], 'from': 'Milan, Italy', 'to': 'Taipei, Taiwan', 'price': '1433', 'when': 'December 2025'}",1
[MU] MXP/FCO-TPE 1433/1747 PLN RT 12.2025-02.2026 ,2025-11-25 08:33:00,"mxp-fco-tpe-1433-1747-pln-rt-12-2025-02-2026,232,184486",1 szt. małego bagażu podręcznego1 szt. bagażu podręcznego 1 szt. bagażu rejestrowanegoZałącznik:  MPXTPE.jpg [ 24.47 KiB | Obejrzany 95 razy ]  Załącznik:  FCOTPE.jpg [ 26.11 KiB | Obejrzany 95 razy ]  Załącznik:  FCOTSA.jpg [ 35.3 KiB | Obejrzany 95 razy ]  ,0.0,"{'airlines': ['MU'], 'from': 'Milan, Italy', 'to': 'Taipei, Taiwan', 'price': '1433 PLN', 'when': 'December 2025'}",1
[AI] VIE-GOI-VIE 1601 zł ,2025-11-25 12:35:00,"vie-goi-vie-1601-zl,232,184489",Goa w opcji last minute (04-18 grudnia),2.0,"{'airlines': ['Air India'], 'from': 'Vienna, Austria', 'to': 'Goa, India', 'price': '1601 zł', 'when': 'December 2023'}",1
[TK] BRU-SEZ-BRU 1782 zł ,2025-11-25 14:47:00,"bru-sez-bru-1782-zl,232,184491",Seszele z Turkish Airlines (styczeń-marzec). Na zrzucie 08-19 stycznia.,1.0,"{'airlines': ['Turkish Airlines'], 'from': 'Brussels, Belgium', 'to': 'Seychelles', 'price': '1782 zł', 'when': 'January 2025'}",1
[MU] MXP-OKA (Okinawa) od 1653 PLN RT 12.2025 ,2025-11-25 17:47:00,"mxp-oka-okinawa-od-1653-pln-rt-12-2025,232,184495",1 mały bagaż podręczny1 szt. bagażu podręcznego 1 szt. bagażu rejestrowanegoZałącznik:  MXPOKA.jpg [ 29.95 KiB | Obejrzany 46 razy ]  ,0.0,"{'airlines': ['MU'], 'from': 'Milan, Italy', 'to': 'Okinawa, Japan', 'price': '1653 PLN', 'when': 'December 2025'}",1
[CA] MXP-HKG 1634 PLN RT 12.2025-02.2026 ,2025-11-25 17:38:00,"mxp-hkg-1634-pln-rt-12-2025-02-2026,232,184494",1 mały bagaż podręczny1 szt. bagażu podręcznego 1 szt. bagażu rejestrowanego 23kg,1.0,"{'airlines': ['Air China'], 'from': 'Milan, Italy', 'to': 'Hong Kong, Hong Kong', 'price': '1,634 PLN', 'when': 'December 2025'}",1
[BA/VS] OSL-ICN 1426 PLN RT ,2025-11-26 10:42:00,"osl-icn-1426-pln-rt,232,184502",Seul z Oslo w kwietniu. Poniżej 22-30.04.2026.Załącznik:  OSLICN.png [ 73.17 KiB | Obejrzany 74 razy ]  ,0.0,"{'airlines': ['BA', 'VS'], 'from': 'Oslo, Norway', 'to': 'Seoul, South Korea', 'price': '1426 PLN', 'when': 'April 2026'}",1
"[IB] Madryt-krajówki (PNA, OVD, LCG, XRY, SCQ) za 80-90 zł ",2025-11-26 10:14:00,"madryt-krajowki-pna-ovd-lcg-xry-scq-za-80-90-zl,232,184500","Madryt-Grenada (GRX) i inne krajówki za 80-90 zł, także w drugą stronę.",7.0,"{'airlines': ['Iberia'], 'from': 'Madrid, Spain', 'to': 'Grenada, Spain', 'price': '79 zł', 'when': 'March 2026'}",1
[LO] VNO-YYZ-VNO 1580 zł ,2025-11-26 14:46:00,"vno-yyz-vno-1580-zl,232,184506",Toronto z PLL LOT od sąsiada.,1.0,"{'airlines': ['LOT'], 'from': 'Vilnius, Lithuania', 'to': 'Toronto, Canada', 'price': '1580 zł', 'when': 'November 2025'}",1
[NH] Darmowe loty krajowe w Japonii ,2025-11-26 17:30:00,"darmowe-loty-krajowe-w-japonii,232,184510","All Nippon Airways (ANA) nawiązały współpracę z krajową radą turystyki, aby zapewnić pasażerom bezpłatne loty wewnętrzne. Umowa pozwala na realizację dwóch bezpłatnych lotów krajowych w połączeniu z lotem międzynarodowym.Istnieje jednak kilka warunków, które należy spełnić, aby się zakwalifikować:-musisz być pasażerem przylatującym do Japonii liniami ANA z Wielkiej Brytanii lub Europy,-będziesz podróżować w klasie ekonomicznej,-umowa dotyczy tylko podróży między 24 listopada 2025 r. a 31 stycznia 2026 r. i jest zależna od dostępności miejsc,-chociaż Twój bilet nie będzie nic kosztował, należy opłacić podatki oraz inne opłatyCelem jest przeniesienie turystów z dala od hotspotów takich jak Tokio i Kioto w kierunku niektórych mniej popularnych miejsc w kraju w tym na wyspach Hokkaido, Kiusiu i Okinawa. ANA lata do ponad 40 miejsc w Japonii, z których wszystkie zostaną uwzględnione w umowie.Dalsze szczegóły, przykłady i zaplanowanie podróży możliwe jest na stronie ANAźródłohttps://www.timeout.com/news/japan-is-g ... ter-112425",0.0,"{'airlines': ['All Nippon Airways (ANA)'], 'from': 'United Kingdom', 'to': 'Japan', 'price': '0', 'when': 'November 2025'}",1
[SK] POZ-FAE 862 PLN ,2025-11-27 13:57:00,"poz-fae-862-pln,232,184520","Nie znalazłem tematu na loty SK z PL na FAE. Jak gdzies jest, to proszę o przerzucenie.",1.0,"{'airlines': ['SAS'], 'from': 'Poznań, Poland', 'to': 'Faroe Islands', 'price': '862', 'when': 'June 2025'}",1
Kalendarz 2026 - głosowanie ,2025-11-27 14:48:00,"kalendarz-2026-glosowanie,232,184522","Nadesłaliście dużo świetnych prac, za co bardzo Wam dziękujemy. Przedstawiamy Wam finałową 25. Wybierzcie spośród nich 13 zdjęć które chcielibyście by inspirowały Was przez kolejny rok do podróży  Głosowanie będzie trwało 7 dni.A oto i kandydaci!:1Załącznik:  1.jpg [ 599.81 KiB | Obejrzany 12 razy ]  2Załącznik:  2.jpg [ 496.55 KiB | Obejrzany 12 razy ]  3Załącznik:  3.jpg [ 565.71 KiB | Obejrzany 12 razy ]  4Załącznik:  4.jpeg [ 369.44 KiB | Obejrzany 12 razy ]  5Załącznik:  5.jpg [ 561.54 KiB | Obejrzany 12 razy ]  6Załącznik:  6.jpg [ 649.44 KiB | Obejrzany 12 razy ]  7Załącznik:  7.JPG [ 354.49 KiB | Obejrzany 12 razy ]  8Załącznik:  8.JPEG [ 498.18 KiB | Obejrzany 12 razy ]  9Załącznik:  9.jpg [ 545.76 KiB | Obejrzany 12 razy ]  10Załącznik:  10.jpg [ 401.83 KiB | Obejrzany 12 razy ]  11Załącznik:  11.jpg [ 565.61 KiB | Obejrzany 12 razy ]  12Załącznik:  12.jpg [ 215.46 KiB | Obejrzany 12 razy ]  13Załącznik:  13.JPG [ 363.82 KiB | Obejrzany 12 razy ]  14Załącznik:  14.jpg [ 685.77 KiB | Obejrzany 12 razy ]  15Załącznik:  15.jpg [ 512.4 KiB | Obejrzany 12 razy ]  16Załącznik:  16.jpg [ 520.44 KiB | Obejrzany 12 razy ]  17Załącznik:  17.jpeg [ 561.52 KiB | Obejrzany 12 razy ]  18Załącznik:  18.JPG [ 713.88 KiB | Obejrzany 12 razy ]  19Załącznik:  19.JPG [ 524.01 KiB | Obejrzany 12 razy ]  20Załącznik:  20.jpg [ 551.51 KiB | Obejrzany 12 razy ]  21Załącznik:  21.jpg [ 806.13 KiB | Obejrzany 12 razy ]  22Załącznik:  22.png [ 1.67 MiB | Obejrzany 12 razy ]  23Załącznik:  23.jpg [ 485.2 KiB | Obejrzany 12 razy ]  24Załącznik:  24.jpg [ 318.92 KiB | Obejrzany 12 razy ]  25Załącznik:  25.jpeg [ 442.56 KiB | Obejrzany 12 razy ]  ",0.0,"{'airlines': [], 'from': '', 'to': '', 'price': '', 'when': ''}",1
